               epoch,      train/box_loss,      train/obj_loss,      train/cls_loss,   metrics/precision,      metrics/recall,     metrics/mAP_0.5,metrics/mAP_0.5:0.95,        val/box_loss,        val/obj_loss,        val/cls_loss,               x/lr0,               x/lr1,               x/lr2
                   0,             0.11024,            0.032845,            0.040376,             0.00522,             0.32157,           0.0045683,          0.00098878,            0.091257,             0.02022,             0.03766,             0.00012,             0.00012,             0.09892
                   1,            0.089628,            0.030101,            0.034506,            0.018052,             0.30123,            0.014952,           0.0033553,            0.079736,            0.018751,            0.032919,          0.00024999,          0.00024999,             0.09775
                   2,            0.078137,            0.031961,            0.031148,            0.073528,             0.27849,            0.063015,            0.021796,            0.069825,            0.018689,              0.0291,          0.00037992,          0.00037992,             0.09658
                   3,            0.067722,            0.032429,            0.028907,             0.41225,             0.41119,              0.3347,             0.12177,            0.062674,            0.017804,            0.027364,          0.00050975,          0.00050975,             0.09541
                   4,            0.059091,            0.031011,             0.02773,             0.44993,             0.63534,             0.46019,               0.185,            0.055523,              0.0169,            0.025625,          0.00063943,          0.00063943,            0.094239
                   5,            0.054991,            0.027623,            0.026345,             0.44711,             0.57765,             0.42903,             0.15611,            0.051887,            0.014232,            0.023766,          0.00076893,          0.00076893,            0.093069
                   6,            0.051229,            0.026122,            0.024981,              0.3678,             0.59183,              0.4236,             0.13816,            0.052033,            0.012247,             0.02192,           0.0008982,           0.0008982,            0.091898
                   7,            0.052632,             0.02305,            0.023954,             0.41026,             0.58526,             0.45549,             0.19879,            0.049208,            0.011593,            0.020192,           0.0010272,           0.0010272,            0.090727
                   8,            0.051505,            0.022622,            0.020638,             0.29541,             0.75808,             0.47248,             0.14037,             0.05152,            0.010583,            0.018195,           0.0011559,           0.0011559,            0.089556
                   9,            0.050159,            0.021547,            0.019205,             0.38947,             0.73958,             0.53237,             0.18615,            0.048646,            0.010429,            0.016799,           0.0012842,           0.0012842,            0.088384
                  10,            0.050718,            0.020961,            0.018954,             0.40342,             0.66087,             0.50942,             0.17627,             0.04488,           0.0097912,            0.015033,           0.0014121,           0.0014121,            0.087212
                  11,            0.048803,            0.020086,            0.018133,             0.49783,             0.77672,             0.67464,             0.30119,            0.045758,           0.0094991,            0.012781,           0.0015396,           0.0015396,             0.08604
                  12,            0.049091,            0.019782,            0.015131,             0.59739,             0.71474,             0.73973,             0.35086,            0.045841,           0.0093719,            0.010949,           0.0016666,           0.0016666,            0.084867
                  13,            0.046699,              0.0198,            0.013906,             0.54341,             0.81668,             0.63641,             0.20267,            0.052521,           0.0085498,           0.0088958,           0.0017931,           0.0017931,            0.083693
                  14,            0.046726,            0.018543,            0.012071,             0.74806,             0.76733,             0.81791,             0.36716,            0.039941,           0.0091348,           0.0074776,            0.001919,            0.001919,            0.082519
                  15,            0.045228,            0.018092,            0.010649,             0.74576,             0.80094,             0.81092,             0.28181,            0.039444,            0.009064,           0.0070186,           0.0020443,           0.0020443,            0.081344
                  16,            0.045088,            0.018462,           0.0091928,             0.72833,             0.76045,             0.80631,             0.45084,            0.037728,            0.009081,           0.0073938,           0.0021689,           0.0021689,            0.080169
                  17,            0.043626,            0.017525,           0.0090822,             0.69287,             0.81002,             0.82071,             0.42867,            0.040874,           0.0083997,           0.0056036,           0.0022928,           0.0022928,            0.078993
                  18,            0.043973,            0.017424,           0.0080112,             0.62017,             0.90219,             0.79412,             0.40141,              0.0409,           0.0079815,            0.005659,            0.002416,            0.002416,            0.077816
                  19,             0.04259,            0.017214,            0.007227,             0.76132,             0.90046,             0.89434,              0.5427,            0.036431,           0.0080903,           0.0052367,           0.0025385,           0.0025385,            0.076638
                  20,            0.041585,            0.017038,            0.007279,             0.85691,             0.72185,             0.85403,             0.45337,            0.038625,           0.0075467,           0.0049413,           0.0026601,           0.0026601,             0.07546
                  21,            0.040133,            0.016242,           0.0074087,             0.83976,             0.85694,             0.89407,             0.51123,             0.03775,           0.0077862,           0.0047254,           0.0027809,           0.0027809,            0.074281
                  22,            0.041473,            0.017083,           0.0071249,              0.7556,             0.72828,             0.79944,             0.42172,            0.038232,            0.008479,           0.0064719,           0.0029007,           0.0029007,            0.073101
                  23,            0.041916,            0.016283,           0.0065452,             0.94792,             0.88693,             0.95489,             0.62105,            0.038513,           0.0073729,           0.0040143,           0.0030197,           0.0030197,             0.07192
                  24,            0.038805,            0.015459,           0.0056919,              0.9361,              0.9029,             0.95619,             0.60375,            0.033149,           0.0070944,           0.0043348,           0.0031376,           0.0031376,            0.070738
                  25,            0.039941,             0.01586,           0.0056996,             0.82859,              0.9192,             0.90085,             0.55715,            0.034522,           0.0070573,           0.0046687,           0.0032546,           0.0032546,            0.069555
                  26,            0.038674,            0.015787,            0.005532,             0.87368,              0.9161,             0.94008,             0.60809,            0.035807,           0.0070654,            0.003886,           0.0033705,           0.0033705,             0.06837
                  27,            0.035124,            0.015134,           0.0050556,             0.89198,             0.90233,             0.93856,             0.62018,             0.03189,           0.0069344,           0.0046884,           0.0034853,           0.0034853,            0.067185
                  28,            0.037767,            0.015889,           0.0049438,             0.82298,             0.92319,             0.93403,             0.51953,            0.037882,           0.0070581,           0.0035856,            0.003599,            0.003599,            0.065999
                  29,            0.036566,            0.015107,           0.0052075,               0.866,              0.9115,             0.93677,             0.55759,            0.034638,           0.0070023,           0.0035232,           0.0037115,           0.0037115,            0.064811
                  30,            0.036526,            0.015035,           0.0047131,             0.85318,             0.93548,             0.95179,             0.63377,            0.031485,           0.0065962,           0.0035345,           0.0038228,           0.0038228,            0.063623
                  31,            0.035877,            0.015313,           0.0054859,             0.92479,             0.92162,             0.95778,             0.58601,            0.030263,           0.0071701,           0.0038853,           0.0039329,           0.0039329,            0.062433
                  32,            0.034329,            0.015015,           0.0050019,             0.93313,             0.92381,             0.96623,             0.66843,            0.030054,           0.0069459,           0.0037054,           0.0040418,           0.0040418,            0.061242
                  33,            0.035517,            0.014657,           0.0049465,              0.9235,             0.94294,             0.96781,             0.66884,            0.029656,           0.0066567,           0.0031469,           0.0041493,           0.0041493,            0.060049
                  34,            0.034355,            0.014879,           0.0041833,             0.95789,             0.93774,             0.97552,              0.6547,            0.029091,           0.0069702,            0.002739,           0.0042555,           0.0042555,            0.058855
                  35,            0.035793,            0.014716,           0.0039992,             0.92963,             0.92217,             0.96075,             0.59575,            0.032838,           0.0070002,           0.0035076,           0.0043603,           0.0043603,             0.05766
                  36,            0.035094,            0.015791,            0.004345,             0.95217,             0.95414,             0.97913,             0.67266,            0.027619,            0.006725,           0.0027394,           0.0044637,           0.0044637,            0.056464
                  37,            0.033246,            0.014678,            0.004576,              0.9554,             0.88718,             0.95596,             0.54018,            0.034905,           0.0071401,            0.003025,           0.0045657,           0.0045657,            0.055266
                  38,            0.034206,            0.014273,           0.0045736,             0.92363,             0.95476,             0.96926,             0.68683,            0.026516,           0.0068113,           0.0033179,           0.0046663,           0.0046663,            0.054066
                  39,            0.032401,             0.01436,           0.0050383,             0.94505,             0.94762,             0.96882,             0.69201,             0.02696,           0.0066622,           0.0043217,           0.0047653,           0.0047653,            0.052865
                  40,            0.032699,            0.014855,           0.0038247,             0.94893,             0.89328,             0.95274,             0.67879,            0.027599,           0.0067719,           0.0045622,           0.0048628,           0.0048628,            0.051663
                  41,            0.031699,            0.014218,           0.0036165,             0.95461,              0.9402,             0.97104,             0.70659,            0.025887,           0.0061788,           0.0032195,           0.0049587,           0.0049587,            0.050459
                  42,            0.031081,            0.014114,           0.0034529,             0.96631,             0.92071,             0.96976,             0.65709,            0.028289,           0.0067569,           0.0025904,           0.0050531,           0.0050531,            0.049253
                  43,            0.030799,            0.013948,             0.00346,             0.95894,             0.89622,             0.96194,             0.69457,            0.024792,           0.0067743,           0.0032482,           0.0051458,           0.0051458,            0.048046
                  44,            0.032096,            0.013947,           0.0038981,             0.96776,             0.93606,              0.9755,             0.72116,            0.025437,           0.0063367,           0.0025336,           0.0052369,           0.0052369,            0.046837
                  45,            0.030242,            0.013989,           0.0032634,             0.94769,             0.95004,             0.97698,             0.70434,             0.02594,           0.0063618,           0.0024215,           0.0053263,           0.0053263,            0.045626
                  46,            0.030778,            0.013772,           0.0031738,             0.94689,             0.95466,             0.97844,             0.73365,            0.027316,           0.0061683,           0.0019683,           0.0054141,           0.0054141,            0.044414
                  47,            0.029904,            0.013665,           0.0030975,             0.94403,             0.93959,             0.97202,             0.64028,            0.027667,           0.0063832,           0.0020636,           0.0055001,           0.0055001,              0.0432
                  48,            0.030634,             0.01335,           0.0040633,             0.97239,             0.94256,              0.9766,             0.70906,            0.024837,           0.0064215,            0.003377,           0.0055843,           0.0055843,            0.041984
                  49,            0.031161,            0.014169,            0.003662,             0.98032,             0.93429,             0.97533,             0.68979,            0.028632,           0.0061948,           0.0024696,           0.0056668,           0.0056668,            0.040767
                  50,            0.030745,            0.014273,           0.0037086,             0.92694,              0.8786,             0.94237,             0.64693,            0.027147,           0.0075519,           0.0030328,           0.0057475,           0.0057475,            0.039547
                  51,            0.029015,            0.013048,           0.0035681,             0.95985,             0.93373,             0.96601,             0.72445,            0.025154,           0.0062085,           0.0030056,           0.0058263,           0.0058263,            0.038326
                  52,            0.030011,            0.013627,            0.003149,               0.935,             0.92874,             0.96605,             0.70736,            0.027883,           0.0063929,           0.0032716,           0.0059034,           0.0059034,            0.037103
                  53,            0.029859,            0.013987,           0.0036326,             0.96704,             0.93058,             0.97413,             0.69068,            0.026027,           0.0064785,             0.00278,           0.0059785,           0.0059785,            0.035879
                  54,            0.028489,            0.013545,           0.0034392,             0.98361,             0.94821,              0.9761,             0.72616,            0.024234,           0.0059531,            0.002188,           0.0060518,           0.0060518,            0.034652
                  55,            0.028084,            0.012867,           0.0032168,             0.96262,              0.9365,             0.96976,             0.73211,            0.025814,            0.006185,            0.003018,           0.0061232,           0.0061232,            0.033423
                  56,            0.028527,            0.013496,           0.0027497,             0.95515,             0.93764,             0.96578,              0.6909,            0.027163,           0.0067581,           0.0017982,           0.0061926,           0.0061926,            0.032193
                  57,            0.029114,            0.013173,           0.0032987,             0.96318,             0.90135,             0.97279,              0.7221,            0.023653,           0.0061834,           0.0035972,           0.0062601,           0.0062601,             0.03096
                  58,            0.028374,            0.013462,           0.0030484,             0.96048,             0.94645,             0.97238,             0.74387,            0.023012,            0.006004,           0.0035155,           0.0063257,           0.0063257,            0.029726
                  59,            0.028145,            0.013318,           0.0033315,             0.96112,             0.94083,             0.97789,             0.70548,            0.023854,           0.0063525,           0.0024154,           0.0063893,           0.0063893,            0.028489
                  60,            0.028261,            0.013287,           0.0029388,              0.9668,             0.93893,             0.97558,             0.74223,            0.024086,           0.0060165,           0.0023537,           0.0064509,           0.0064509,            0.027251
                  61,            0.027788,            0.013359,           0.0034671,             0.96357,              0.9317,              0.9683,             0.70825,            0.026981,           0.0065295,           0.0029036,           0.0065105,           0.0065105,             0.02601
                  62,            0.028816,            0.013426,           0.0037918,             0.84322,              0.8876,              0.9223,             0.68216,             0.02533,           0.0062845,           0.0055613,            0.006568,            0.006568,            0.024768
                  63,            0.026949,            0.013442,           0.0034959,             0.97527,             0.94142,             0.97741,             0.71736,            0.022724,           0.0063164,            0.001739,           0.0066236,           0.0066236,            0.023524
                  64,            0.027119,            0.012964,           0.0034399,             0.93508,             0.88229,             0.94236,             0.69517,            0.022941,            0.006967,           0.0043888,           0.0066771,           0.0066771,            0.022277
                  65,            0.027418,            0.013758,           0.0037777,             0.95516,             0.93721,             0.97634,             0.74649,            0.022929,           0.0063529,           0.0025726,           0.0067285,           0.0067285,            0.021029
                  66,            0.026768,            0.013418,            0.003115,              0.9714,             0.92505,             0.97043,             0.73835,            0.022164,           0.0062289,            0.002066,           0.0067779,           0.0067779,            0.019778
                  67,            0.027566,            0.013244,           0.0039432,             0.88297,             0.83594,             0.90214,             0.60606,            0.027091,           0.0074908,           0.0032786,           0.0068252,           0.0068252,            0.018525
                  68,            0.027635,            0.013206,           0.0032869,             0.95502,             0.92059,             0.95784,             0.72536,            0.022405,           0.0063927,           0.0036828,           0.0068704,           0.0068704,             0.01727
                  69,            0.025459,            0.013512,            0.002883,             0.95629,             0.92357,             0.95645,             0.69952,            0.023032,           0.0065199,           0.0032454,           0.0069136,           0.0069136,            0.016014
                  70,            0.025416,            0.013303,            0.002702,             0.89567,             0.89063,             0.92204,             0.67405,            0.024382,           0.0075163,           0.0037074,           0.0069546,           0.0069546,            0.014755
                  71,            0.025758,            0.013516,           0.0026914,               0.969,             0.93942,             0.97289,             0.72874,             0.02203,           0.0062429,           0.0020285,           0.0069935,           0.0069935,            0.013494
                  72,            0.024965,            0.012801,           0.0026584,             0.93484,             0.92021,             0.96008,              0.7294,            0.023653,           0.0067059,           0.0055716,           0.0070304,           0.0070304,             0.01223
                  73,            0.025508,             0.01298,           0.0039316,             0.97616,             0.94228,             0.96544,              0.7289,            0.025378,            0.006639,           0.0022058,           0.0070651,           0.0070651,            0.010965
                  74,            0.025667,            0.012685,           0.0027979,             0.93261,             0.86574,             0.94207,             0.69055,            0.024604,           0.0066833,           0.0052164,           0.0070977,           0.0070977,           0.0096977
                  75,            0.025758,            0.012708,           0.0029559,             0.90047,             0.88919,             0.94041,             0.65401,            0.026603,           0.0067781,           0.0046035,           0.0071282,           0.0071282,           0.0084282
                  76,            0.025874,            0.013072,           0.0035072,             0.82548,             0.82565,             0.88768,             0.61848,            0.023553,           0.0075668,           0.0070772,           0.0071566,           0.0071566,           0.0071566
                  77,            0.025454,             0.01348,           0.0028288,               0.891,             0.87528,             0.92223,             0.66269,            0.024434,           0.0073459,           0.0037077,           0.0071566,           0.0071566,           0.0071566
                  78,            0.024782,             0.01308,           0.0027501,             0.93258,             0.92839,             0.95878,             0.70486,            0.024934,           0.0068414,           0.0020258,           0.0070906,           0.0070906,           0.0070906
                  79,            0.025153,            0.013142,           0.0028393,             0.96735,             0.94986,             0.97757,             0.71047,            0.023085,           0.0067952,           0.0022081,           0.0070243,           0.0070243,           0.0070243
                  80,            0.024102,            0.013072,           0.0032627,             0.94518,             0.93583,             0.96544,             0.75001,            0.023382,           0.0061145,           0.0030862,           0.0069576,           0.0069576,           0.0069576
                  81,            0.024821,            0.013438,           0.0024212,              0.9397,             0.96114,             0.97097,             0.75141,            0.022054,           0.0059414,           0.0023263,           0.0068906,           0.0068906,           0.0068906
                  82,            0.025398,            0.012598,           0.0022267,             0.87687,             0.85442,             0.90941,             0.63918,            0.023647,           0.0073816,           0.0047965,           0.0068232,           0.0068232,           0.0068232
                  83,            0.024101,            0.012309,           0.0030556,             0.98382,             0.94022,             0.96304,             0.72093,            0.024597,           0.0062837,           0.0040399,           0.0067555,           0.0067555,           0.0067555
                  84,            0.024268,            0.012941,            0.002809,             0.94848,             0.95119,             0.96737,             0.74483,            0.022553,           0.0064823,           0.0027887,           0.0066874,           0.0066874,           0.0066874
                  85,            0.022574,            0.012453,           0.0026406,             0.96615,             0.93789,              0.9674,             0.74504,            0.020393,            0.006289,           0.0034134,           0.0066191,           0.0066191,           0.0066191
                  86,            0.023529,            0.012235,           0.0024459,             0.97613,             0.94288,              0.9711,             0.75922,            0.019707,           0.0061545,           0.0033044,           0.0065505,           0.0065505,           0.0065505
                  87,            0.022141,            0.012191,           0.0024548,             0.95107,             0.95006,             0.97032,             0.75524,            0.021253,           0.0063979,           0.0026601,           0.0064816,           0.0064816,           0.0064816
                  88,            0.022885,            0.012303,           0.0021368,              0.9892,             0.95674,             0.97531,             0.74028,            0.021377,           0.0061344,           0.0019665,           0.0064125,           0.0064125,           0.0064125
                  89,            0.023345,            0.012332,           0.0020927,             0.97351,             0.92607,             0.95762,             0.70538,            0.023107,           0.0068814,           0.0029204,           0.0063432,           0.0063432,           0.0063432
                  90,            0.022553,            0.011849,           0.0023431,             0.94725,             0.90669,             0.95638,              0.7483,            0.021726,           0.0062576,           0.0029847,           0.0062737,           0.0062737,           0.0062737
                  91,            0.021982,            0.011913,           0.0020372,             0.93971,             0.94581,             0.96661,             0.74747,            0.021779,            0.005911,           0.0031076,            0.006204,            0.006204,            0.006204
                  92,            0.021726,            0.011918,           0.0024833,             0.94972,             0.94734,              0.9682,             0.74697,            0.022777,           0.0061687,           0.0018913,           0.0061341,           0.0061341,           0.0061341
                  93,            0.022794,            0.011901,           0.0023939,             0.96885,             0.94002,             0.97242,             0.76696,            0.021609,           0.0058852,           0.0016007,            0.006064,            0.006064,            0.006064
                  94,            0.021723,            0.011989,           0.0019295,             0.98074,             0.94566,             0.97624,             0.76803,            0.020987,           0.0056548,           0.0015203,           0.0059938,           0.0059938,           0.0059938
                  95,            0.021896,            0.011777,           0.0021153,             0.96311,             0.95848,             0.98259,              0.7942,            0.018912,           0.0056787,           0.0014667,           0.0059235,           0.0059235,           0.0059235
                  96,            0.021072,            0.011898,           0.0022208,             0.96232,              0.9336,             0.97493,             0.77679,            0.019665,            0.005728,           0.0021791,           0.0058531,           0.0058531,           0.0058531
                  97,            0.021397,            0.011591,           0.0017879,             0.97233,             0.95324,             0.97713,             0.79174,            0.019437,           0.0056704,           0.0023621,           0.0057826,           0.0057826,           0.0057826
                  98,            0.020196,            0.011433,           0.0017075,             0.98531,             0.92994,             0.98016,             0.80108,            0.018869,            0.005247,           0.0019024,            0.005712,            0.005712,            0.005712
                  99,            0.021277,            0.011948,           0.0023781,             0.97843,             0.95327,             0.97711,             0.77978,            0.020146,           0.0056028,            0.002826,           0.0056413,           0.0056413,           0.0056413
                 100,            0.020193,            0.011941,           0.0024208,             0.97847,             0.93653,              0.9748,             0.80742,            0.018908,           0.0053306,           0.0028404,           0.0055707,           0.0055707,           0.0055707
                 101,            0.020326,             0.01168,           0.0018376,             0.97136,             0.94278,             0.97905,             0.79691,            0.017307,           0.0055361,           0.0019177,              0.0055,              0.0055,              0.0055
                 102,             0.01994,            0.011641,           0.0017848,             0.98774,             0.96692,             0.98001,             0.80809,            0.017455,           0.0051233,            0.001875,           0.0054293,           0.0054293,           0.0054293
                 103,            0.020081,            0.010967,           0.0021773,             0.95905,             0.94901,             0.97502,             0.79149,            0.018782,           0.0054883,           0.0028134,           0.0053587,           0.0053587,           0.0053587
                 104,            0.019793,            0.011424,            0.002136,             0.95765,             0.93274,             0.96819,              0.7758,             0.01879,           0.0061272,           0.0018243,            0.005288,            0.005288,            0.005288
                 105,            0.019812,            0.010882,           0.0020418,             0.95609,             0.95966,             0.97322,             0.80147,            0.017587,           0.0053225,           0.0018845,           0.0052174,           0.0052174,           0.0052174
                 106,            0.019276,            0.011129,           0.0018506,             0.97753,             0.94726,             0.98183,             0.80472,            0.017454,           0.0056865,           0.0013028,           0.0051469,           0.0051469,           0.0051469
                 107,            0.019632,            0.010753,           0.0015126,             0.97631,             0.95859,             0.98697,             0.81752,            0.015767,           0.0051211,           0.0013626,           0.0050765,           0.0050765,           0.0050765
                 108,            0.018995,            0.011034,           0.0016064,              0.9817,             0.94747,             0.98502,             0.80174,            0.016112,           0.0054136,           0.0014463,           0.0050062,           0.0050062,           0.0050062
                 109,            0.019344,            0.010874,           0.0016778,              0.9809,             0.96341,             0.98873,             0.82416,             0.01625,           0.0049369,           0.0015785,            0.004936,            0.004936,            0.004936
                 110,            0.018463,            0.010552,           0.0016228,             0.98349,             0.95004,             0.98042,             0.79388,            0.017738,           0.0054971,           0.0016267,           0.0048659,           0.0048659,           0.0048659
                 111,            0.018865,            0.011072,            0.001889,             0.97744,             0.96463,             0.98215,             0.80231,            0.017926,           0.0053265,           0.0015249,            0.004796,            0.004796,            0.004796
                 112,            0.018951,            0.010941,           0.0020257,             0.96213,             0.95877,             0.97573,             0.80089,            0.018102,           0.0055407,           0.0015519,           0.0047263,           0.0047263,           0.0047263
                 113,            0.018384,             0.01092,           0.0016094,             0.96929,             0.93941,             0.97041,             0.78898,            0.017163,           0.0057209,           0.0019343,           0.0046568,           0.0046568,           0.0046568
                 114,            0.018304,            0.010433,           0.0017301,             0.98073,             0.95885,             0.97855,             0.81128,            0.017683,           0.0053873,           0.0010831,           0.0045875,           0.0045875,           0.0045875
                 115,            0.017614,            0.010448,           0.0019724,             0.98203,             0.95914,             0.97949,             0.81921,             0.01625,           0.0055616,          0.00092953,           0.0045184,           0.0045184,           0.0045184
                 116,              0.0184,              0.0102,           0.0014532,             0.96308,             0.95549,             0.97983,              0.8294,             0.01572,            0.005407,          0.00092249,           0.0044495,           0.0044495,           0.0044495
                 117,            0.017635,            0.010799,           0.0016802,             0.98184,             0.95645,             0.97959,             0.83035,            0.015234,           0.0052238,           0.0012307,           0.0043809,           0.0043809,           0.0043809
                 118,            0.018083,            0.010477,           0.0015844,             0.97711,             0.96152,             0.97967,             0.82634,            0.015404,           0.0050793,           0.0015486,           0.0043126,           0.0043126,           0.0043126
                 119,            0.017772,            0.010826,           0.0010142,             0.95468,             0.95247,             0.97693,             0.82964,            0.016029,           0.0053542,           0.0020277,           0.0042445,           0.0042445,           0.0042445
                 120,             0.01766,            0.010887,           0.0015445,             0.96867,             0.96907,             0.98273,             0.82511,            0.015738,           0.0052431,           0.0014113,           0.0041768,           0.0041768,           0.0041768
                 121,            0.017746,           0.0099833,           0.0018632,             0.97089,             0.94984,             0.97247,             0.79404,            0.016454,           0.0057879,           0.0015557,           0.0041094,           0.0041094,           0.0041094
                 122,            0.016974,            0.010327,           0.0013731,             0.96297,             0.96503,             0.97366,              0.8212,            0.016221,           0.0056332,           0.0014986,           0.0040424,           0.0040424,           0.0040424
                 123,            0.016408,           0.0099908,           0.0018615,             0.98063,             0.95617,             0.97221,              0.8279,            0.015981,            0.005269,           0.0019398,           0.0039757,           0.0039757,           0.0039757
                 124,            0.016509,            0.010759,            0.001554,              0.9855,             0.96528,              0.9794,             0.83287,            0.016599,           0.0050243,            0.001614,           0.0039094,           0.0039094,           0.0039094
                 125,            0.016839,              0.0101,           0.0012852,             0.98539,             0.96636,              0.9799,             0.82618,            0.016394,           0.0051051,           0.0013519,           0.0038434,           0.0038434,           0.0038434
                 126,            0.017444,            0.010144,            0.001545,             0.98853,             0.96416,              0.9791,             0.83237,             0.01576,           0.0050603,           0.0012806,           0.0037779,           0.0037779,           0.0037779
                 127,             0.01547,           0.0096255,            0.001681,             0.98351,             0.94872,              0.9778,             0.83739,            0.015304,           0.0052536,           0.0011839,           0.0037128,           0.0037128,           0.0037128
                 128,            0.016166,            0.010124,           0.0012405,             0.98335,             0.96499,             0.97787,             0.83954,            0.016006,           0.0050828,           0.0012801,           0.0036482,           0.0036482,           0.0036482
                 129,            0.015562,           0.0097983,           0.0010904,             0.98143,             0.96455,             0.97851,             0.83296,            0.015937,           0.0050694,           0.0017857,            0.003584,            0.003584,            0.003584
                 130,            0.015736,            0.010079,          0.00097162,             0.97773,             0.96937,             0.98013,             0.84239,            0.015303,           0.0049971,            0.001775,           0.0035203,           0.0035203,           0.0035203
                 131,            0.015933,           0.0098521,           0.0011779,              0.9929,             0.96391,             0.97887,             0.84469,            0.014829,           0.0050833,           0.0012712,            0.003457,            0.003457,            0.003457
                 132,            0.015725,            0.010005,           0.0013784,             0.97132,             0.96637,             0.97873,             0.84217,            0.015112,           0.0049103,           0.0017247,           0.0033943,           0.0033943,           0.0033943
                 133,             0.01566,            0.010062,           0.0011937,              0.9971,             0.94209,             0.97746,             0.83547,            0.015454,             0.00519,           0.0021172,           0.0033321,           0.0033321,           0.0033321
                 134,            0.015401,           0.0095748,            0.001443,             0.97733,             0.97538,              0.9818,             0.83948,            0.015694,           0.0049173,           0.0017896,           0.0032704,           0.0032704,           0.0032704
                 135,            0.015311,           0.0098351,           0.0010186,             0.99133,             0.96353,             0.98095,             0.85963,            0.015298,           0.0048662,           0.0016019,           0.0032093,           0.0032093,           0.0032093
                 136,            0.015548,           0.0096677,            0.001585,              0.9774,             0.96566,             0.97794,             0.84094,            0.016071,           0.0052395,            0.002821,           0.0031488,           0.0031488,           0.0031488
                 137,            0.014869,           0.0095626,            0.001129,             0.98501,             0.96473,             0.98026,             0.85096,            0.014515,           0.0051228,           0.0020824,           0.0030888,           0.0030888,           0.0030888
                 138,            0.015345,           0.0094389,          0.00099389,              0.9923,             0.96036,              0.9816,             0.84788,            0.014618,           0.0049196,           0.0017178,           0.0030294,           0.0030294,           0.0030294
                 139,             0.01509,           0.0096473,           0.0012797,             0.99415,             0.96749,             0.97907,             0.86026,            0.014418,           0.0046948,           0.0012708,           0.0029706,           0.0029706,           0.0029706
                 140,            0.014678,           0.0098334,           0.0011778,             0.98363,             0.97057,             0.97882,             0.85924,            0.014636,           0.0047423,           0.0017028,           0.0029125,           0.0029125,           0.0029125
                 141,            0.014485,           0.0097672,          0.00080162,             0.98799,             0.96248,             0.97714,             0.85353,            0.014498,           0.0047702,           0.0017093,            0.002855,            0.002855,            0.002855
                 142,            0.014784,           0.0093702,           0.0010393,             0.99317,             0.96723,             0.98093,             0.86027,            0.014789,           0.0047315,            0.001512,           0.0027981,           0.0027981,           0.0027981
                 143,            0.015153,           0.0097494,           0.0011628,             0.98822,             0.96274,              0.9808,              0.8507,            0.014607,           0.0047586,           0.0014584,           0.0027419,           0.0027419,           0.0027419
                 144,            0.014707,           0.0094402,           0.0011588,             0.98907,              0.9674,             0.98188,             0.86268,            0.014919,           0.0046626,          0.00087474,           0.0026864,           0.0026864,           0.0026864
                 145,              0.0149,           0.0093723,           0.0012198,             0.99057,                0.96,             0.97954,             0.85507,            0.014915,           0.0048533,           0.0013367,           0.0026316,           0.0026316,           0.0026316
                 146,            0.014533,           0.0095113,            0.001048,             0.99021,             0.96707,             0.98555,             0.86296,            0.014674,           0.0045956,           0.0011215,           0.0025775,           0.0025775,           0.0025775
                 147,            0.014786,           0.0089335,           0.0011035,             0.99425,             0.96993,             0.98568,             0.86753,            0.014101,           0.0046367,           0.0010762,           0.0025241,           0.0025241,           0.0025241
                 148,            0.014647,           0.0092126,           0.0012517,             0.98767,             0.97673,             0.98613,             0.87833,            0.013835,           0.0045367,           0.0015264,           0.0024714,           0.0024714,           0.0024714
                 149,            0.013481,           0.0092351,          0.00070098,             0.98359,              0.9779,             0.98747,              0.8683,            0.014153,            0.004643,           0.0017548,           0.0024195,           0.0024195,           0.0024195
                 150,            0.013829,            0.008979,           0.0010717,             0.98644,             0.97308,             0.98618,             0.86658,            0.013976,           0.0047752,           0.0015058,           0.0023684,           0.0023684,           0.0023684
                 151,            0.013647,           0.0090844,          0.00080063,             0.99424,             0.96973,             0.98504,             0.86471,            0.013485,           0.0047517,            0.001522,            0.002318,            0.002318,            0.002318
                 152,            0.013401,           0.0090038,           0.0011882,             0.98826,             0.96472,             0.98275,             0.86593,            0.013834,           0.0048837,           0.0014785,           0.0022684,           0.0022684,           0.0022684
                 153,               0.014,            0.009029,           0.0010341,             0.99142,             0.96154,             0.98253,             0.86756,            0.013228,           0.0047584,           0.0012394,           0.0022196,           0.0022196,           0.0022196
                 154,            0.013528,           0.0090231,           0.0010635,             0.98512,             0.96473,             0.97893,             0.85719,            0.014102,           0.0048814,           0.0013995,           0.0021717,           0.0021717,           0.0021717
                 155,              0.0139,           0.0087891,           0.0011471,             0.98635,             0.97008,             0.97865,             0.87024,            0.014173,           0.0047822,           0.0014852,           0.0021245,           0.0021245,           0.0021245
                 156,            0.013147,           0.0090945,          0.00070732,             0.98658,             0.97058,             0.98383,             0.87151,            0.013637,           0.0047107,          0.00095878,           0.0020782,           0.0020782,           0.0020782
                 157,            0.013605,           0.0092821,          0.00099033,             0.98542,             0.97148,              0.9846,             0.87214,             0.01334,           0.0046635,           0.0008894,           0.0020327,           0.0020327,           0.0020327
                 158,            0.013812,           0.0090431,           0.0012878,             0.98048,             0.96446,             0.98073,             0.86063,            0.014174,           0.0048185,           0.0010462,           0.0019881,           0.0019881,           0.0019881
                 159,             0.01296,           0.0084731,           0.0008028,             0.97966,              0.9722,             0.97876,             0.87419,            0.013927,           0.0047686,            0.001093,           0.0019443,           0.0019443,           0.0019443
                 160,            0.013773,           0.0090335,          0.00079023,             0.98991,             0.95914,             0.97831,             0.87866,            0.013434,           0.0047146,           0.0013761,           0.0019014,           0.0019014,           0.0019014
                 161,             0.01416,            0.008477,           0.0010492,             0.99195,             0.96781,             0.98162,             0.87388,            0.013413,           0.0045801,            0.001452,           0.0018594,           0.0018594,           0.0018594
                 162,            0.013795,           0.0090134,          0.00082063,             0.99205,             0.96724,             0.98248,             0.87307,            0.013486,           0.0045665,           0.0015009,           0.0018183,           0.0018183,           0.0018183
                 163,            0.013433,           0.0088769,           0.0011177,             0.98206,             0.97552,             0.98412,             0.89076,            0.012853,           0.0044746,           0.0014728,           0.0017781,           0.0017781,           0.0017781
                 164,            0.012757,           0.0085588,           0.0010925,             0.99062,             0.96353,             0.98303,             0.87394,            0.013687,           0.0048039,           0.0016295,           0.0017389,           0.0017389,           0.0017389
                 165,            0.012951,           0.0088981,          0.00099566,             0.98982,             0.97192,             0.98477,             0.87996,            0.013374,           0.0047267,           0.0015009,           0.0017005,           0.0017005,           0.0017005
                 166,            0.012625,           0.0083955,          0.00088206,             0.98378,             0.97681,             0.98456,             0.88102,            0.013308,           0.0046593,           0.0012691,           0.0016631,           0.0016631,           0.0016631
                 167,            0.012487,           0.0085915,          0.00058356,             0.98607,             0.97299,             0.98255,             0.87829,            0.013188,           0.0045612,           0.0012527,           0.0016267,           0.0016267,           0.0016267
                 168,            0.012604,           0.0081871,          0.00068159,             0.98688,             0.97325,             0.98398,             0.88708,            0.013284,           0.0044927,           0.0010165,           0.0015912,           0.0015912,           0.0015912
                 169,             0.01303,           0.0084581,          0.00068578,              0.9712,              0.9806,             0.98393,             0.88127,             0.01264,           0.0045668,           0.0011473,           0.0015566,           0.0015566,           0.0015566
                 170,            0.012991,           0.0082754,          0.00072652,             0.98331,             0.96711,             0.98332,              0.8792,            0.012921,            0.004642,           0.0011941,           0.0015231,           0.0015231,           0.0015231
                 171,            0.012165,           0.0083304,          0.00050213,             0.98919,             0.97298,             0.98381,             0.88223,            0.013134,            0.004453,           0.0010389,           0.0014905,           0.0014905,           0.0014905
                 172,            0.012827,           0.0089066,          0.00074039,              0.9926,             0.97032,             0.98339,             0.88868,            0.012864,           0.0044085,           0.0010533,           0.0014589,           0.0014589,           0.0014589
                 173,            0.011947,           0.0080482,          0.00057092,             0.98564,             0.97325,             0.98142,             0.89068,            0.012596,           0.0044193,           0.0010292,           0.0014283,           0.0014283,           0.0014283
                 174,            0.011815,           0.0084283,           0.0006235,              0.9866,              0.9677,             0.98398,             0.88903,            0.012857,           0.0044688,           0.0011825,           0.0013987,           0.0013987,           0.0013987
                 175,            0.012421,           0.0083952,          0.00070017,             0.99055,             0.97246,             0.98313,             0.88654,            0.013485,           0.0045014,          0.00088331,           0.0013701,           0.0013701,           0.0013701
                 176,            0.011993,           0.0081226,          0.00081579,             0.99215,             0.97203,             0.98349,             0.88491,             0.01269,           0.0045667,          0.00092551,           0.0013425,           0.0013425,           0.0013425
                 177,            0.012327,           0.0082908,          0.00092788,             0.99299,              0.9674,              0.9837,             0.89155,            0.012802,           0.0044707,           0.0011085,            0.001316,            0.001316,            0.001316
                 178,            0.012115,           0.0078627,          0.00067954,             0.99276,             0.96607,             0.98535,             0.88887,            0.012853,           0.0045604,           0.0011838,           0.0012905,           0.0012905,           0.0012905
                 179,            0.011885,           0.0078623,          0.00061194,             0.98899,               0.968,             0.98551,             0.88848,            0.012939,           0.0045636,           0.0010856,            0.001266,            0.001266,            0.001266
                 180,            0.011538,           0.0081558,          0.00061067,              0.9886,             0.96471,             0.98407,             0.88614,            0.013111,           0.0045607,          0.00098462,           0.0012426,           0.0012426,           0.0012426
                 181,            0.011924,           0.0080779,          0.00055036,             0.99288,             0.96144,             0.98408,              0.8799,             0.01282,           0.0046758,          0.00089948,           0.0012202,           0.0012202,           0.0012202
                 182,            0.011492,           0.0080291,          0.00055418,             0.98931,             0.96918,             0.98398,             0.88573,            0.012643,           0.0045662,          0.00085901,           0.0011989,           0.0011989,           0.0011989
                 183,            0.012293,           0.0079913,          0.00084903,             0.98625,             0.96351,             0.98392,             0.87751,            0.013181,           0.0046122,          0.00092131,           0.0011787,           0.0011787,           0.0011787
                 184,            0.012464,           0.0081252,          0.00097648,             0.98753,              0.9699,             0.98268,             0.88688,            0.013054,           0.0045978,          0.00093189,           0.0011595,           0.0011595,           0.0011595
                 185,            0.011628,           0.0078408,          0.00058392,              0.9904,             0.96181,             0.98447,             0.88536,            0.012494,           0.0047603,           0.0012002,           0.0011414,           0.0011414,           0.0011414
                 186,            0.011409,           0.0081197,          0.00048167,             0.99219,             0.97094,             0.98535,             0.88985,             0.01243,           0.0045043,           0.0011414,           0.0011243,           0.0011243,           0.0011243
                 187,            0.011769,           0.0083765,          0.00058709,             0.99009,             0.97168,             0.98492,              0.8941,            0.012385,            0.004431,           0.0012209,           0.0011084,           0.0011084,           0.0011084
                 188,            0.011322,            0.007965,            0.000722,              0.9924,             0.97591,             0.98468,              0.9022,            0.012412,           0.0043628,           0.0012198,           0.0010935,           0.0010935,           0.0010935
                 189,            0.011717,           0.0082134,          0.00062131,              0.9928,             0.97028,             0.98389,             0.89864,            0.012176,           0.0044622,           0.0011653,           0.0010797,           0.0010797,           0.0010797
                 190,            0.011628,           0.0082131,           0.0005828,             0.99221,             0.97186,             0.98496,             0.89712,            0.012493,           0.0044073,           0.0011978,            0.001067,            0.001067,            0.001067
                 191,            0.011892,            0.007872,          0.00089673,             0.98598,             0.97679,             0.98373,             0.89511,            0.012522,             0.00443,           0.0011668,           0.0010554,           0.0010554,           0.0010554
                 192,            0.011569,           0.0082451,          0.00062569,             0.97943,             0.98124,             0.98402,             0.89592,            0.012617,           0.0044081,          0.00091602,           0.0010449,           0.0010449,           0.0010449
                 193,            0.011545,            0.008133,          0.00076696,             0.98835,             0.97198,             0.98545,             0.89747,            0.013072,           0.0043772,           0.0010945,           0.0010355,           0.0010355,           0.0010355
                 194,            0.011929,           0.0078864,          0.00087739,             0.99236,             0.96473,             0.98712,             0.89393,            0.013174,            0.004474,           0.0011646,           0.0010272,           0.0010272,           0.0010272
                 195,            0.011413,            0.008169,          0.00050224,             0.98998,             0.97032,             0.98675,             0.89123,            0.013025,           0.0044847,            0.001099,             0.00102,             0.00102,             0.00102
                 196,            0.011068,           0.0078212,          0.00070243,             0.99318,             0.97278,             0.98695,             0.89506,            0.012837,           0.0043146,           0.0010452,           0.0010139,           0.0010139,           0.0010139
                 197,            0.011512,            0.007998,          0.00073487,             0.98782,             0.97325,              0.9864,             0.89703,            0.012953,           0.0044172,            0.001046,           0.0010089,           0.0010089,           0.0010089
                 198,            0.011762,           0.0077077,          0.00062785,             0.99029,             0.96557,             0.98553,             0.89148,            0.013007,           0.0045648,           0.0010618,            0.001005,            0.001005,            0.001005
                 199,            0.011913,           0.0082829,           0.0006213,             0.98526,             0.96766,             0.98279,             0.88641,            0.012898,           0.0047041,           0.0010678,           0.0010022,           0.0010022,           0.0010022
